209,221,220,38,104,117,68,167,250,182,215,43
250,93,47,116,104,117,1,246,61,38,160,70
9,206,194,207,219,83,135,199,97,183,183,97
80,236,75,68,6,234,48,61,111,0,71,48
37,103,176,85,219,29,72,160,251,240,112,129
142,217,17,206,93,140,221,254,85,77,215,151
48,5,21,233,82,149,196,253,241,106,110,201
121,82,120,165,47,142,239,3,20,40,132,90
12,135,212,99,63,64,237,136,192,47,14,154
109,199,175,194,22,166,193,186,225,108,55,60
236,206,197,187,53,230,232,82,183,205,38,250
214,108,151,255,253,143,164,181,134,59,15,103
218,66,52,144,217,20,142,77,124,216,124,19
184,188,69,157,166,137,90,41,226,122,220,228
49,78,94,163,102,156,236,211,134,103,76,179
42,242,131,193,37,213,156,113,103,81,164,37
33,225,249,90,42,17,197,31,162,147,197,204
213,144,79,240,97,60,147,139,156,173,33,126
48,237,171,63,8,78,12,209,112,253,138,244
119,218,88,153,152,135,95,152,154,191,63,165
181,234,144,129,246,238,109,109,229,71,51,228
100,90,134,137,218,6,149,95,145,125,159,56
93,82,183,112,127,211,196,218,200,152,203,251
2,92,113,118,139,12,187,200,67,30,25,53
168,36,163,2,64,161,162,229,56,27,82,186
74,113,230,119,228,111,205,98,134,160,52,130
107,99,204,83,109,65,205,190,35,126,59,71
76,238,104,137,112,10,186,223,196,67,174,101
79,151,29,31,75,97,190,119,206,117,237,237
169,108,170,10,144,61,229,149,124,14,249,10
78,73,118,72,181,241,35,138,81,55,67,152
25,72,24,63,250,106,166,254,192,71,185,2
58,136,41,85,153,166,93,82,26,253,14,92
229,35,77,207,52,119,200,55,183,253,73,192
56,105,127,238,123,121,1,142,104,136,144,237
107,97,156,71,28,81,10,130,27,128,53,28
62,128,51,99,239,39,89,228,207,154,1,37
160,171,138,151,97,101,161,198,186,228,191,211
155,107,243,36,33,176,226,90,185,122,12,131
135,110,81,145,9,38,179,12,247,132,93,3
110,70,229,72,78,218,206,221,225,115,81,169
189,92,92,111,235,141,220,1,72,124,56,177
44,53,29,9,74,173,129,188,215,83,226,219
239,233,207,76,52,146,170,121,184,44,172,69
29,223,41,68,250,246,22,43,129,238,200,133
95,205,254,168,228,182,34,232,100,185,204,10
221,239,136,252,217,199,217,195,150,155,126,180
101,135,243,231,80,122,59,233,255,141,221,177
221,148,45,213,118,243,204,254,35,180,114,154
234,214,235,208,160,231,96,185,80,213,216,205
225,1,254,155,242,149,37,190,9,24,137,12
237,63,216,16,80,6,241,187,177,0,235,86
129,235,89,187,133,136,204,197,123,170,154,5
0,140,222,182,177,103,192,243,145,68,247,40
171,15,140,199,248,238,224,60,130,209,240,34
202,73,216,183,103,157,150,141,241,27,17,131
29,172,90,244,41,171,49,46,123,247,203,38
133,71,210,106,235,190,174,86,232,192,3,139
238,3,122,157,140,233,197,12,149,13,221,118
127,27,142,10,9,230,54,64,32,180,202,199
4,220,25,191,167,148,85,41,86,4,207,156
154,159,2,57,97,178,211,225,89,61,23,165
157,3,86,125,147,221,206,61,20,83,187,198
206,109,214,121,231,199,28,242,227,228,208,242
200,196,195,156,128,185,211,229,126,118,178,70
165,105,233,179,101,75,28,209,39,245,143,100
235,117,233,6,47,97,56,31,19,107,54,17
188,54,203,179,246,104,210,1,29,1,32,18
61,235,194,74,120,209,135,208,168,53,191,66
70,189,65,168,139,206,179,167,212,92,5,248
75,1,63,24,196,76,125,64,229,91,55,151
138,172,198,167,103,48,36,13,240,161,244,117
117,22,194,198,146,213,139,154,198,104,128,241
98,243,7,38,165,196,3,34,37,44,85,207
112,141,163,207,244,181,87,111,28,106,235,214
188,70,101,131,175,198,29,246,191,157,198,172
196,78,172,81,16,249,59,50,11,117,193,241
27,160,117,124,199,243,183,63,27,90,153,153
78,66,159,141,162,243,195,187,140,32,188,142
21,188,128,182,128,16,8,217,45,11,83,133
189,217,173,106,119,183,49,198,234,5,141,32
212,156,5,57,67,99,187,64,250,29,45,69
22,133,255,240,242,157,251,115,71,67,86,189
152,5,52,240,205,54,111,22,30,65,148,16
50,62,47,206,136,195,73,198,23,253,46,158
49,255,116,44,173,89,56,161,69,237,171,1
61,254,206,215,70,138,121,38,161,218,162,162
135,87,220,32,201,159,30,76,180,216,198,154
55,69,221,127,72,22,157,224,131,133,48,203
20,30,187,101,216,94,155,35,191,128,239,61
117,148,86,96,65,209,250,164,45,44,205,189
103,42,18,117,231,242,32,90,82,166,98,179
30,243,163,185,248,231,136,4,98,3,94,68
161,146,22,49,214,57,142,197,107,206,19,168
176,109,35,236,198,201,119,250,189,193,65,204
249,52,178,93,218,21,191,94,156,194,37,43
123,145,170,253,27,172,166,97,40,32,195,233
57,48,1,33,251,239,253,196,139,14,114,48
35,242,0,24,249,9,44,121,100,95,169,207
65,108,214,136,149,49,135,185,116,131,8,16
