54,162,87,124,180,197,91,108,46,182,163,125
127,120,123,220,237,203,242,105,171,160,131,198
162,207,245,174,114,12,128,137,179,24,49,61
128,52,144,70,54,219,127,9,121,176,101,101
120,182,140,140,114,191,200,17,122,39,90,66
119,193,19,183,110,18,189,43,4,189,182,139
62,63,222,77,140,220,179,3,6,217,187,48
245,236,35,90,149,241,165,96,25,222,175,14
240,249,193,239,71,73,22,98,207,74,136,240
192,229,174,221,30,158,71,253,59,16,219,201
125,150,159,178,97,76,154,182,192,54,6,48
81,190,249,244,112,100,68,155,29,177,155,28
72,108,247,157,76,17,57,136,185,127,16,224
86,241,28,214,102,47,84,151,43,6,165,105
169,245,219,246,172,41,197,231,12,172,148,181
48,217,133,188,209,19,192,146,0,182,127,150
107,78,114,204,220,7,99,232,2,101,22,168
116,53,115,103,243,196,230,240,239,78,7,144
77,185,118,111,104,131,9,31,86,250,42,118
108,171,122,153,4,28,187,90,125,190,236,196
132,29,181,243,146,90,6,42,182,219,252,31
149,65,4,153,175,154,66,61,228,216,52,165
54,131,146,179,208,170,121,37,72,31,201,105
33,228,204,178,148,224,24,75,143,214,182,44
255,152,131,203,75,120,215,52,32,0,101,92
116,227,98,178,197,50,234,248,162,211,159,81
109,48,147,155,95,44,104,254,204,91,181,197
169,114,172,109,75,252,250,252,113,79,239,149
133,191,223,72,31,17,200,46,203,51,52,182
12,42,97,58,161,75,160,214,6,174,251,121
62,224,26,60,208,216,104,243,16,44,113,2
159,133,142,115,53,81,197,69,158,183,235,6
3,208,11,164,107,20,12,128,129,18,141,196
152,101,20,247,236,227,104,206,43,23,59,69
52,242,12,239,30,189,76,138,124,82,192,215
223,140,38,169,157,252,27,59,209,221,60,198
163,74,140,83,202,175,22,206,79,126,211,93
147,35,205,240,147,57,133,24,107,254,146,28
25,4,140,74,132,42,40,139,189,203,164,58
132,53,102,54,14,93,224,54,5,209,182,93
209,237,35,15,22,82,153,2,125,148,167,152
184,51,32,108,192,205,122,42,97,145,116,165
249,247,251,35,125,174,79,251,188,214,98,99
232,112,129,131,82,19,53,206,117,224,108,145
54,184,212,204,106,172,136,66,153,180,238,204
1,164,223,242,222,93,9,188,233,64,146,198
31,233,254,147,195,25,83,35,166,243,123,200
166,108,233,53,117,253,128,216,156,154,176,106
191,232,226,196,34,171,22,244,108,125,202,144
171,198,30,74,153,232,55,197,30,186,225,167
21,56,120,240,83,121,8,138,229,225,179,32
154,151,83,52,194,57,97,108,52,207,22,45
150,254,207,107,216,127,182,192,2,207,159,187
48,39,48,122,218,174,69,123,89,238,146,175
167,132,139,208,103,28,128,245,37,157,13,100
222,161,177,167,195,40,189,226,58,141,112,99
38,185,96,123,104,150,27,140,166,198,15,100
74,150,167,201,206,45,183,85,56,10,26,133
224,173,154,12,121,147,15,109,79,104,203,200
206,121,54,244,68,104,182,207,232,35,210,210
26,22,150,233,236,160,57,129,226,196,253,226
246,34,87,191,223,37,80,11,147,125,43,15
11,208,72,186,70,172,72,56,144,193,114,198
4,77,85,196,80,215,175,11,184,32,142,130
94,87,181,236,192,140,65,4,130,103,141,204
110,26,82,34,185,148,19,148,135,247,184,117
178,77,121,48,199,119,253,221,82,101,195,18
92,141,194,252,49,149,76,174,103,83,56,184
27,248,64,252,126,136,168,189,145,142,33,249
44,13,236,249,69,185,66,38,111,103,244,30
161,195,79,7,57,65,66,36,64,86,195,165
240,231,110,196,115,2,111,13,238,204,163,253
190,186,250,207,2,4,32,147,89,87,92,128
237,203,184,139,176,20,98,57,229,252,82,177
227,17,45,21,21,154,105,18,70,208,179,182
27,75,141,130,225,187,60,193,137,216,225,24
241,156,230,93,102,175,155,172,102,35,33,184
170,97,136,96,100,99,52,131,197,36,133,20
194,85,183,113,24,82,6,240,141,84,22,187
121,232,147,223,134,160,20,159,180,8,70,14
160,219,70,221,5,119,78,113,131,143,148,56
159,32,111,62,12,166,188,251,41,143,128,112
202,240,207,114,59,119,236,69,130,161,177,108
229,44,49,192,172,208,157,192,40,42,100,40
244,249,158,197,123,140,171,135,186,123,23,216
72,150,193,44,147,27,61,217,108,44,118,42
198,127,152,174,186,88,45,214,207,180,134,191
121,199,92,77,223,169,183,121,225,77,15,236
90,178,177,204,162,93,101,214,88,6,78,173
94,146,17,113,36,65,58,148,42,41,219,233
192,227,117,254,17,132,28,172,95,206,215,236
144,168,70,236,234,204,135,99,27,192,89,33
124,7,130,234,150,152,111,132,230,143,27,15
221,35,50,149,43,216,117,226,61,245,96,150
4,57,10,120,249,202,78,13,94,110,40,106
198,253,97,70,215,23,111,83,79,18,151,207
69,54,84,85,178,45,252,250,47,181,161,149
0,152,53,94,82,222,242,187,193,65,249,86
29,225,58,115,110,57,147,129,53,82,60,238
245,54,98,64,242,168,18,98,57,18,89,59
